id,first_name,last_name,email,gender,ip_address
1,Farr,Izaks,fizaks0@myspace.com,Male,145.93.240.232
2,Barrett,De Cruce,bdecruce1@scribd.com,Male,207.133.16.21
3,Dari,Mabone,dmabone2@youku.com,Female,144.216.185.206
4,Alain,Yendle,ayendle3@indiatimes.com,Male,194.182.15.59
5,Humfried,Reuble,hreuble4@myspace.com,Male,41.161.54.125
6,Cosme,Lenney,clenney5@lycos.com,Male,63.27.128.112
7,Zerk,Ghidetti,zghidetti6@pcworld.com,Male,31.115.177.125
8,Edvard,Libbie,elibbie7@nbcnews.com,Male,41.127.178.220
9,Moyna,Goodhall,mgoodhall8@mapy.cz,Female,191.201.174.95
10,Hally,Davidman,hdavidman9@geocities.jp,Female,157.165.9.13
11,Tawsha,De Cristofalo,tdecristofaloa@toplist.cz,Female,12.118.42.122
12,Dionne,Spraging,dspragingb@moonfruit.com,Female,117.227.145.162
13,Joice,Sambeck,jsambeckc@free.fr,Female,255.122.162.162
14,Trace,Cockley,tcockleyd@cpanel.net,Male,164.42.59.191
15,Karie,Trail,ktraile@friendfeed.com,Female,21.116.115.200
16,Angelique,Player,aplayerf@stumbleupon.com,Female,18.40.15.65
17,Jed,Klimentov,jklimentovg@youku.com,Male,149.56.226.19
18,Carl,Frayn,cfraynh@ehow.com,Male,11.236.16.155
19,Laurence,Barrus,lbarrusi@sbwire.com,Male,172.135.136.187
20,Kissie,Parfrey,kparfreyj@irs.gov,Female,66.201.67.244
21,Glynis,Llewellyn,gllewellynk@time.com,Female,49.38.155.163
22,Jaquelyn,Braferton,jbrafertonl@nasa.gov,Female,38.146.230.171
23,Ivette,Balston,ibalstonm@rediff.com,Female,171.87.23.246
24,Channa,Symcoxe,csymcoxen@qq.com,Female,16.108.106.73
25,Daron,Ainscough,dainscougho@spiegel.de,Genderqueer,33.51.229.194
26,Mendy,Dello,mdellop@ucsd.edu,Male,233.201.35.243
27,Aretha,Bayle,abayleq@fc2.com,Female,82.6.166.247
28,Yanaton,Loddon,yloddonr@ocn.ne.jp,Bigender,134.112.206.183
29,Dayle,Barwick,dbarwicks@nbcnews.com,Female,156.233.118.23
30,Ortensia,Ronci,oroncit@smugmug.com,Female,34.49.210.142
31,Timofei,Bladge,tbladgeu@comcast.net,Male,60.193.69.161
32,Napoleon,Stoggell,nstoggellv@squidoo.com,Male,122.112.188.222
33,Otha,Salthouse,osalthousew@spiegel.de,Agender,163.168.40.207
34,Retha,Sunners,rsunnersx@oaic.gov.au,Female,120.248.41.142
35,Shelbi,Bellham,sbellhamy@wikia.com,Bigender,222.173.19.25
36,Luis,Stear,lstearz@abc.net.au,Male,4.196.149.83
37,Brad,Tollerfield,btollerfield10@edublogs.org,Male,109.225.126.1
38,Tamarra,Braemer,tbraemer11@tinypic.com,Female,161.235.117.63
39,Alistair,Snalom,asnalom12@nih.gov,Male,61.146.104.97
40,Hasty,Baughn,hbaughn13@multiply.com,Male,193.200.5.21
41,Damara,Roote,droote14@dyndns.org,Female,143.1.61.151
42,Harland,Tripon,htripon15@nsw.gov.au,Male,85.154.245.165
43,Rockwell,Hulburt,rhulburt16@seattletimes.com,Male,93.202.123.100
44,Fedora,Druett,fdruett17@pbs.org,Non-binary,57.155.97.56
45,Jade,Kervin,jkervin18@aol.com,Female,122.182.5.195
46,Sandy,Sesser,ssesser19@sakura.ne.jp,Male,131.27.157.203
47,Felike,Jakubovicz,fjakubovicz1a@addthis.com,Male,251.56.85.1
48,Bartholomew,Wootton,bwootton1b@java.com,Male,87.26.147.168
49,Marleah,Craven,mcraven1c@slashdot.org,Female,191.146.237.42
50,Oralie,Klisch,oklisch1d@comsenz.com,Female,190.205.209.10
51,Clarance,O'Flynn,coflynn1e@dailymotion.com,Polygender,72.254.224.250
52,Staford,Gabbot,sgabbot1f@google.nl,Genderfluid,171.89.57.231
53,Pearce,Felix,pfelix1g@ask.com,Male,203.150.251.206
54,Anthony,Thowless,athowless1h@techcrunch.com,Male,63.134.225.225
55,Burl,Domerq,bdomerq1i@nifty.com,Male,242.223.247.224
56,Marika,Andriesse,mandriesse1j@infoseek.co.jp,Female,118.32.117.37
57,Morly,Blakemore,mblakemore1k@businessinsider.com,Male,252.54.145.215
58,Rickie,Pierpoint,rpierpoint1l@miibeian.gov.cn,Female,255.201.197.206
59,Thaine,McKeon,tmckeon1m@instagram.com,Male,135.5.36.117
60,Idell,Roper,iroper1n@nba.com,Female,79.211.46.13
61,Inness,Yabsley,iyabsley1o@sitemeter.com,Male,16.183.14.160
62,Beckie,Plum,bplum1p@bigcartel.com,Female,10.139.19.108
63,Raymund,Oxton,roxton1q@jiathis.com,Male,110.102.123.184
64,Jemmie,Staniland,jstaniland1r@clickbank.net,Female,157.226.133.27
65,Codie,Haldin,chaldin1s@edublogs.org,Female,124.205.173.248
66,Ole,Davidou,odavidou1t@ed.gov,Male,249.125.167.52
67,Bendick,Garroch,bgarroch1u@tamu.edu,Male,161.75.68.184
68,Trish,Millhouse,tmillhouse1v@wsj.com,Female,77.173.232.171
69,Cobbie,Sharplin,csharplin1w@accuweather.com,Male,210.117.54.152
70,Banky,Riba,briba1x@state.tx.us,Male,240.6.89.161
71,Denny,Permain,dpermain1y@reuters.com,Female,72.144.54.142
72,Delmer,Lunck,dlunck1z@tuttocitta.it,Male,249.190.61.117
73,Carline,Oherlihy,coherlihy20@cyberchimps.com,Female,76.17.178.69
74,Stefania,Santoro,ssantoro21@comcast.net,Female,235.230.229.207
75,Esra,Fincken,efincken22@technorati.com,Genderfluid,124.193.197.244
76,Alys,Ouslem,aouslem23@ask.com,Female,243.209.186.230
77,Kirsteni,Deboo,kdeboo24@oaic.gov.au,Female,172.177.110.168
78,Maryellen,Scyone,mscyone25@nymag.com,Female,174.82.61.222
79,Reeta,Glauber,rglauber26@ask.com,Female,50.156.166.130
80,Elianore,Latchford,elatchford27@about.com,Female,239.26.158.37
81,Malachi,Sibbering,msibbering28@sina.com.cn,Male,73.127.251.19
82,Wilbert,Goodley,wgoodley29@alibaba.com,Male,205.183.242.186
83,Ingrid,Page,ipage2a@utexas.edu,Female,166.156.238.18
84,Erek,Sysland,esysland2b@tiny.cc,Male,88.38.194.251
85,Christyna,Liffey,cliffey2c@phoca.cz,Female,28.239.179.16
86,Mannie,Falck,mfalck2d@behance.net,Male,105.190.119.31
87,Dacia,Djorvic,ddjorvic2e@amazon.co.uk,Female,132.193.133.26
88,Alfredo,Hacking,ahacking2f@guardian.co.uk,Male,6.73.234.119
89,Lynda,Ballham,lballham2g@thetimes.co.uk,Female,42.49.239.219
90,Dicky,Sparsholt,dsparsholt2h@angelfire.com,Male,228.94.83.102
91,Beret,Blamphin,bblamphin2i@clickbank.net,Female,124.229.191.239
92,Hallsy,Worvill,hworvill2j@walmart.com,Male,94.22.25.40
93,Derick,Zaniolo,dzaniolo2k@t-online.de,Male,119.212.220.93
94,Letizia,Myford,lmyford2l@youtube.com,Female,71.174.210.136
95,Aurilia,Vedenichev,avedenichev2m@accuweather.com,Female,24.123.152.227
96,Noellyn,Scatcher,nscatcher2n@jimdo.com,Female,58.44.237.210
97,Mariellen,Folbige,mfolbige2o@globo.com,Female,234.149.38.99
98,Lenka,Klewer,lklewer2p@foxnews.com,Female,240.95.228.77
99,Kylen,Casaccia,kcasaccia2q@uol.com.br,Female,96.65.29.39
100,Ernesto,Baddoe,ebaddoe2r@imdb.com,Male,89.180.163.31
101,Ruggiero,Mattersley,rmattersley2s@friendfeed.com,Male,203.231.80.32
102,Lynelle,Onion,lonion2t@epa.gov,Female,133.53.169.252
103,Kiley,Scandred,kscandred2u@ft.com,Female,249.172.220.241
104,Ajay,Bedo,abedo2v@theatlantic.com,Bigender,87.236.58.187
105,Car,Vernall,cvernall2w@zdnet.com,Polygender,104.93.96.194
106,Colleen,Barkworth,cbarkworth2x@phoca.cz,Female,50.129.1.149
107,Garret,Mufford,gmufford2y@nasa.gov,Male,217.166.82.193
108,Prissie,Jorry,pjorry2z@i2i.jp,Female,115.195.175.144
109,Constance,Aliman,caliman30@sina.com.cn,Female,140.98.49.184
110,Dean,Gammade,dgammade31@addthis.com,Male,161.228.56.7
111,Essie,Yanshinov,eyanshinov32@joomla.org,Female,65.109.186.113
112,Leonore,Chadderton,lchadderton33@webs.com,Female,232.176.46.35
113,Fabien,Touson,ftouson34@github.io,Male,109.116.185.33
114,Maryanna,Sowerby,msowerby35@phpbb.com,Genderfluid,205.116.187.14
115,Tully,Naptine,tnaptine36@springer.com,Male,55.185.214.33
116,Nancy,Vidler,nvidler37@sakura.ne.jp,Female,111.101.165.8
117,Celestyn,Wilshire,cwilshire38@craigslist.org,Female,111.248.190.96
118,Carlin,Ayris,cayris39@e-recht24.de,Female,215.10.194.194
119,Phebe,Russam,prussam3a@netscape.com,Female,86.25.162.231
120,Terry,Raddish,traddish3b@bandcamp.com,Female,150.141.65.149
121,Leslie,Stoneham,lstoneham3c@alexa.com,Genderfluid,2.31.146.231
122,Arnaldo,Pickles,apickles3d@trellian.com,Genderqueer,73.253.85.109
123,Redford,Gribbell,rgribbell3e@google.com.hk,Male,117.63.203.141
124,Sonnie,Crate,scrate3f@is.gd,Male,118.255.174.233
125,Brandtr,Freeman,bfreeman3g@mit.edu,Male,47.3.77.227
126,Constantin,Snoxell,csnoxell3h@si.edu,Male,188.183.3.19
127,Shirline,Heffy,sheffy3i@simplemachines.org,Female,216.200.98.193
128,Hall,Galea,hgalea3j@facebook.com,Male,133.133.201.94
129,Lotte,Willowby,lwillowby3k@un.org,Female,70.247.254.91
130,Dorothy,Bryett,dbryett3l@arstechnica.com,Female,101.65.146.35
131,Hewet,Altamirano,haltamirano3m@symantec.com,Male,131.110.251.233
132,Reilly,Skotcher,rskotcher3n@bizjournals.com,Male,53.186.151.74
133,Iolanthe,Hodgets,ihodgets3o@histats.com,Female,98.16.118.65
134,Melinde,Penella,mpenella3p@netvibes.com,Female,91.110.185.47
135,Cynde,Stoeck,cstoeck3q@ucoz.com,Female,26.10.4.52
136,Sly,Espadero,sespadero3r@dedecms.com,Male,61.223.222.179
137,Vivian,Petrovsky,vpetrovsky3s@oakley.com,Female,17.146.197.134
138,Lacey,Plunkett,lplunkett3t@google.com.br,Female,99.133.139.153
139,Drew,Morigan,dmorigan3u@usa.gov,Male,149.137.240.227
140,Evonne,Trewman,etrewman3v@vk.com,Female,137.171.174.1
141,Sandy,Torrejon,storrejon3w@storify.com,Female,181.115.106.54
142,Cindie,Housam,chousam3x@blogs.com,Female,154.87.246.203
143,Durand,Corrin,dcorrin3y@nasa.gov,Male,247.99.77.110
144,Ermina,Sturmey,esturmey3z@guardian.co.uk,Female,96.243.57.176
145,Noam,Pimley,npimley40@house.gov,Male,17.0.13.103
146,Meriel,Pharrow,mpharrow41@businessinsider.com,Female,176.173.47.203
147,Roberto,Whitfeld,rwhitfeld42@nasa.gov,Male,24.87.163.128
148,Jacky,Longcaster,jlongcaster43@cocolog-nifty.com,Male,32.89.208.93
149,Randa,Sandwick,rsandwick44@census.gov,Female,27.109.216.227
150,De witt,Jaquin,djaquin45@businesswire.com,Male,208.101.252.112
151,Jordan,McSporon,jmcsporon46@miitbeian.gov.cn,Male,238.78.67.229
152,Jeffrey,Sturdy,jsturdy47@so-net.ne.jp,Male,116.63.169.232
153,Arlen,Dillistone,adillistone48@delicious.com,Male,71.236.212.188
154,Addy,Rackley,arackley49@wordpress.org,Female,188.72.171.194
155,Jeralee,Rockell,jrockell4a@nsw.gov.au,Female,59.82.122.214
156,Elonore,Boraston,eboraston4b@baidu.com,Female,80.75.163.171
157,Douglas,Sand,dsand4c@ehow.com,Male,175.42.118.177
158,Iona,Orrin,iorrin4d@wunderground.com,Female,236.7.199.89
159,Giacinta,Dongall,gdongall4e@taobao.com,Genderqueer,249.242.169.212
160,Kameko,Dottridge,kdottridge4f@illinois.edu,Female,218.115.207.221
161,Johny,Burkinshaw,jburkinshaw4g@csmonitor.com,Male,5.91.22.220
162,Rozalin,Orteau,rorteau4h@timesonline.co.uk,Polygender,87.144.53.233
163,Nadya,Petronis,npetronis4i@google.co.uk,Female,51.37.149.154
164,Lilly,Lown,llown4j@flavors.me,Female,70.126.174.211
165,Agathe,Aust,aaust4k@shutterfly.com,Female,218.85.95.40
166,Nils,Proffer,nproffer4l@google.com.br,Male,90.243.252.113
167,Maxy,Houltham,mhoultham4m@salon.com,Female,216.14.21.7
168,Rudolf,Enderwick,renderwick4n@wufoo.com,Male,153.163.213.24
169,Dex,Hune,dhune4o@slashdot.org,Male,196.211.3.253
170,Rabbi,Peerman,rpeerman4p@ucla.edu,Male,231.155.212.247
171,Nickey,Keets,nkeets4q@hexun.com,Bigender,163.211.43.245
172,Roma,Haynesford,rhaynesford4r@ycombinator.com,Male,147.57.29.12
173,Mirabelle,Myderscough,mmyderscough4s@reference.com,Female,130.149.177.174
174,Angy,Grimsley,agrimsley4t@studiopress.com,Female,196.146.11.231
175,Gertrud,Mougel,gmougel4u@ed.gov,Female,154.245.129.109
176,Travis,Labeuil,tlabeuil4v@livejournal.com,Male,211.252.206.29
177,Ardisj,Bernadzki,abernadzki4w@unc.edu,Female,220.100.163.239
178,Shurwood,Guilford,sguilford4x@joomla.org,Male,51.238.2.103
179,Erin,Salliere,esalliere4y@un.org,Male,210.1.120.184
180,Pavia,Catonne,pcatonne4z@goo.ne.jp,Female,168.219.11.234
181,Cord,Gorbell,cgorbell50@sina.com.cn,Male,223.233.231.94
182,Tyson,Rouchy,trouchy51@gravatar.com,Male,150.39.165.129
183,Natasha,Kline,nkline52@tiny.cc,Agender,122.137.149.111
184,Mollee,McKea,mmckea53@intel.com,Female,113.158.137.229
185,Shaughn,Look,slook54@epa.gov,Male,52.251.158.183
186,Brandy,Huddles,bhuddles55@rediff.com,Male,253.18.148.111
187,Paxton,Bolte,pbolte56@cornell.edu,Male,137.15.84.52
188,Leonanie,Vertey,lvertey57@washington.edu,Female,237.218.230.105
189,Linnell,Turland,lturland58@hp.com,Female,69.236.73.237
190,Dudley,Trahair,dtrahair59@java.com,Male,168.223.193.64
191,Zonnya,Catcheside,zcatcheside5a@yahoo.com,Female,33.150.111.185
192,Lonny,Pakeman,lpakeman5b@virginia.edu,Male,255.253.52.193
193,Drud,Kummerlowe,dkummerlowe5c@dyndns.org,Male,3.5.89.100
194,Matias,Scarff,mscarff5d@google.ru,Male,104.75.27.119
195,Dina,O'Grady,dogrady5e@about.com,Female,186.201.79.186
196,Micheil,Walkinshaw,mwalkinshaw5f@dyndns.org,Male,106.92.110.84
197,Kasper,Risebrow,krisebrow5g@ucoz.ru,Male,204.4.236.166
198,Carlota,Farbrace,cfarbrace5h@yahoo.com,Female,209.167.222.10
199,Derron,Eames,deames5i@salon.com,Polygender,88.162.146.19
200,Lenette,Klisch,lklisch5j@google.de,Female,30.49.246.250
201,Garth,Langer,glanger5k@squarespace.com,Male,185.76.246.76
202,Emlynne,Skipp,eskipp5l@nsw.gov.au,Female,199.139.2.251
203,Drusie,Younie,dyounie5m@hostgator.com,Female,10.211.96.246
204,Kathe,Boxer,kboxer5n@blogtalkradio.com,Female,102.176.155.131
205,Wakefield,Balsom,wbalsom5o@scientificamerican.com,Male,214.247.71.238
206,Norry,Bouttell,nbouttell5p@earthlink.net,Male,226.187.160.233
207,Manolo,Glazier,mglazier5q@google.ca,Male,192.34.248.84
208,Corine,Hammel,chammel5r@gravatar.com,Female,125.217.168.242
209,Alyosha,Balshen,abalshen5s@blogs.com,Male,5.200.2.97
210,Lindi,McCaffrey,lmccaffrey5t@smugmug.com,Female,60.240.55.137
211,Paddie,Smorthit,psmorthit5u@ftc.gov,Male,41.71.73.79
212,Gavan,Franciskiewicz,gfranciskiewicz5v@google.nl,Male,202.197.244.176
213,Wilburt,MacKay,wmackay5w@house.gov,Male,11.49.211.88
214,Blondie,Puckett,bpuckett5x@chronoengine.com,Female,208.31.39.181
215,Reggi,Grossier,rgrossier5y@who.int,Female,159.35.86.124
216,Oralee,Mulhall,omulhall5z@ycombinator.com,Genderqueer,19.170.66.96
217,Cointon,Harmant,charmant60@princeton.edu,Male,41.106.185.104
218,Ddene,Brackpool,dbrackpool61@umn.edu,Female,171.139.64.250
219,Stanleigh,McGragh,smcgragh62@ftc.gov,Male,114.175.248.63
220,Pate,Deddum,pdeddum63@yellowbook.com,Male,68.46.242.88
221,Willi,Gainsford,wgainsford64@usgs.gov,Female,53.250.245.11
222,Jarid,Ismirnioglou,jismirnioglou65@yellowbook.com,Male,71.238.153.9
223,Rebekkah,Stain,rstain66@accuweather.com,Female,115.117.221.16
224,Tanney,Pettipher,tpettipher67@phpbb.com,Male,211.89.29.75
225,Lind,Tivolier,ltivolier68@shutterfly.com,Female,164.110.225.64
226,Hymie,Kleinmintz,hkleinmintz69@google.com.hk,Male,141.190.13.18
227,Weider,Piers,wpiers6a@bbc.co.uk,Male,106.83.102.127
228,Ronny,Shambrook,rshambrook6b@google.com.hk,Female,119.78.170.93
229,Fredelia,Blakeslee,fblakeslee6c@jiathis.com,Female,91.24.223.244
230,Sanford,Kordes,skordes6d@mail.ru,Polygender,218.192.193.115
231,Francklyn,Horlick,fhorlick6e@indiegogo.com,Polygender,53.118.28.227
232,Raquela,Van Halle,rvanhalle6f@cbc.ca,Female,206.2.66.232
233,Bertie,Tibb,btibb6g@craigslist.org,Male,165.6.217.44
234,Grannie,Dunsmuir,gdunsmuir6h@i2i.jp,Male,108.159.69.131
235,Vidovik,Robbins,vrobbins6i@php.net,Male,161.158.168.220
236,Rosemonde,Ellaman,rellaman6j@mac.com,Female,61.11.62.196
237,Kissiah,Gorghetto,kgorghetto6k@tumblr.com,Female,5.84.174.218
238,Corrianne,Lane,clane6l@reference.com,Female,53.90.137.107
239,Korrie,Drugan,kdrugan6m@privacy.gov.au,Genderqueer,201.168.173.117
240,Tamarah,Huett,thuett6n@altervista.org,Female,133.152.242.81
241,Camille,Ogbourne,cogbourne6o@cpanel.net,Female,213.99.249.76
242,Eamon,Heeps,eheeps6p@economist.com,Male,44.183.240.37
243,Avery,Cornfoot,acornfoot6q@skype.com,Male,151.4.181.47
244,Syman,Schubuser,sschubuser6r@nsw.gov.au,Male,8.203.147.75
245,Luci,Perello,lperello6s@163.com,Female,172.250.249.188
246,Sharlene,Felder,sfelder6t@foxnews.com,Female,118.219.238.168
247,Chas,Bilbrooke,cbilbrooke6u@slate.com,Male,195.56.212.11
248,Kamillah,Benezet,kbenezet6v@omniture.com,Female,228.206.93.122
249,Godfry,Cancutt,gcancutt6w@yellowpages.com,Male,25.45.27.254
250,Ewell,Coleby,ecoleby6x@nationalgeographic.com,Male,55.51.246.199
251,Halley,Kinnaird,hkinnaird6y@berkeley.edu,Female,198.30.159.0
252,Jemie,Kupper,jkupper6z@bluehost.com,Genderfluid,204.118.108.162
253,Griffin,Griffithe,ggriffithe70@tmall.com,Male,163.79.250.191
254,Delly,Moreside,dmoreside71@taobao.com,Female,144.111.121.28
255,Doe,Meddows,dmeddows72@google.it,Female,74.105.19.89
256,Zak,Issett,zissett73@techcrunch.com,Male,154.161.52.113
257,Estella,Ganforthe,eganforthe74@alexa.com,Female,48.136.184.165
258,Dione,Lau,dlau75@google.es,Female,142.92.69.212
259,Woodie,Enright,wenright76@cbc.ca,Male,185.187.7.118
260,Rosalyn,Dillicate,rdillicate77@zimbio.com,Female,44.149.232.106
261,Karole,Ginni,kginni78@irs.gov,Female,153.55.250.230
262,Tildie,Vassman,tvassman79@clickbank.net,Female,13.5.38.25
263,Latia,Cleeve,lcleeve7a@yellowbook.com,Female,66.213.188.60
264,Malchy,Pickerin,mpickerin7b@bigcartel.com,Male,154.230.51.243
265,Earlie,Purselow,epurselow7c@utexas.edu,Male,103.48.194.17
266,Tanhya,Buessen,tbuessen7d@state.gov,Female,247.12.128.64
267,Sheff,Hasted,shasted7e@woothemes.com,Non-binary,54.72.91.232
268,Catlee,Petrasch,cpetrasch7f@eventbrite.com,Female,191.29.49.81
269,Carlynne,Lewsam,clewsam7g@zimbio.com,Female,238.142.70.0
270,Fin,Lucas,flucas7h@cbsnews.com,Bigender,209.12.247.171
271,Nichols,Knotton,nknotton7i@cafepress.com,Male,246.184.46.108
272,Ddene,Bernardelli,dbernardelli7j@goo.gl,Female,38.185.46.36
273,Archambault,Aldcorne,aaldcorne7k@theguardian.com,Male,151.201.217.78
274,Helenelizabeth,Southey,hsouthey7l@issuu.com,Female,111.200.148.13
275,Caryl,De Cristoforo,cdecristoforo7m@ca.gov,Male,223.76.204.169
276,Odie,Clayill,oclayill7n@mayoclinic.com,Male,81.90.227.196
277,Kenna,Rottery,krottery7o@hubpages.com,Female,228.12.134.110
278,Zeke,Diffley,zdiffley7p@omniture.com,Male,215.102.135.8
279,Melinda,Whitcomb,mwhitcomb7q@gov.uk,Female,97.104.201.120
280,Norma,Walaron,nwalaron7r@state.tx.us,Female,140.25.182.112
281,Weston,Genn,wgenn7s@sogou.com,Male,121.168.230.231
282,Etti,Vanes,evanes7t@uol.com.br,Female,242.134.249.87
283,Rosco,Barby,rbarby7u@bloglovin.com,Male,208.92.93.53
284,Yehudit,Antushev,yantushev7v@hibu.com,Male,194.17.207.89
285,Erik,Muggleton,emuggleton7w@sfgate.com,Male,52.35.47.20
286,Flin,Okie,fokie7x@wikimedia.org,Male,173.64.174.245
287,Tynan,Laible,tlaible7y@google.ru,Male,234.171.157.160
288,Yoshi,Dingsdale,ydingsdale7z@blinklist.com,Female,98.58.165.111
289,Luther,Corless,lcorless80@twitpic.com,Male,233.132.11.24
290,Pepe,Tixall,ptixall81@xrea.com,Male,183.38.50.205
291,Filberto,Cobon,fcobon82@ebay.com,Male,47.236.3.94
292,Minor,Slatten,mslatten83@ameblo.jp,Agender,81.163.93.87
293,Calhoun,Ebenezer,cebenezer84@stanford.edu,Male,34.57.127.112
294,Frannie,Gouth,fgouth85@berkeley.edu,Female,191.53.91.39
295,Caril,Lanktree,clanktree86@baidu.com,Female,238.229.231.122
296,Dell,Redsell,dredsell87@hatena.ne.jp,Male,88.6.40.130
297,Therine,McQuillin,tmcquillin88@1und1.de,Female,185.118.192.136
298,Dolph,Wretham,dwretham89@howstuffworks.com,Non-binary,27.138.78.229
299,Aleda,Skea,askea8a@cisco.com,Female,120.194.208.192
300,Koo,Prestney,kprestney8b@archive.org,Female,186.68.168.67
301,Victor,Harbert,vharbert8c@comcast.net,Male,205.204.236.205
302,Dannye,Thaxter,dthaxter8d@icio.us,Female,107.237.229.8
303,Frankie,Greenham,fgreenham8e@networkadvertising.org,Female,198.50.119.144
304,Katerina,Kinnon,kkinnon8f@exblog.jp,Female,57.197.163.93
305,Corney,Crease,ccrease8g@behance.net,Male,133.214.142.222
306,Janine,Josephi,jjosephi8h@printfriendly.com,Female,147.17.174.242
307,Billy,Chat,bchat8i@alexa.com,Male,197.77.106.170
308,Lilli,Pomery,lpomery8j@example.com,Female,245.59.90.250
309,Mariquilla,Vasilenko,mvasilenko8k@blog.com,Female,27.72.6.53
310,Zechariah,Banbrook,zbanbrook8l@homestead.com,Male,63.213.61.122
311,Angelia,Leupold,aleupold8m@bloglovin.com,Female,219.43.189.18
312,Ramon,Gonnel,rgonnel8n@behance.net,Male,207.168.181.66
313,Tania,Rizzetti,trizzetti8o@dion.ne.jp,Female,3.9.112.190
314,Kerk,Lowson,klowson8p@reddit.com,Male,239.228.186.23
315,Cahra,Rainsbury,crainsbury8q@cbc.ca,Genderqueer,117.205.109.191
316,Benjie,Lishmund,blishmund8r@cbsnews.com,Male,116.140.249.66
317,Winna,McDermott,wmcdermott8s@freewebs.com,Female,123.39.153.38
318,Tova,Preist,tpreist8t@wikia.com,Female,218.106.225.234
319,Tamqrah,Matuschek,tmatuschek8u@wikia.com,Female,114.204.98.134
320,Patsy,Kirwan,pkirwan8v@cdbaby.com,Genderqueer,126.50.238.51
321,Devlen,Tallyn,dtallyn8w@accuweather.com,Male,78.183.154.242
322,Reinhard,Pendleberry,rpendleberry8x@vistaprint.com,Male,64.133.90.133
323,Herculie,Ponten,hponten8y@blogtalkradio.com,Male,109.29.243.198
324,Daryl,Firmage,dfirmage8z@npr.org,Female,223.63.34.98
325,Trent,Fairman,tfairman90@msn.com,Male,159.240.78.113
326,Murvyn,Brandin,mbrandin91@psu.edu,Male,44.220.60.67
327,Ramon,Leggs,rleggs92@lulu.com,Male,40.0.73.14
328,Harli,Jeandon,hjeandon93@thetimes.co.uk,Female,159.87.79.208
329,Emylee,Bleasdale,ebleasdale94@naver.com,Female,141.83.153.20
330,Pearce,Dunford,pdunford95@bizjournals.com,Male,157.244.63.23
331,Care,Erwin,cerwin96@exblog.jp,Male,66.3.21.62
332,Nathalia,Hancill,nhancill97@google.com.au,Female,99.1.100.233
333,Ray,Scattergood,rscattergood98@senate.gov,Agender,64.118.229.103
334,Ardeen,Courtliff,acourtliff99@japanpost.jp,Agender,150.182.90.31
335,Jemie,Kinavan,jkinavan9a@aol.com,Bigender,135.182.64.55
336,Aldridge,Egglestone,aegglestone9b@storify.com,Male,4.115.40.166
337,Sauveur,Rosenblatt,srosenblatt9c@gov.uk,Male,170.203.122.114
338,Stanislas,Loghan,sloghan9d@google.cn,Male,223.27.61.111
339,Mariana,Lowerson,mlowerson9e@earthlink.net,Female,3.192.178.185
340,Inge,Sahlstrom,isahlstrom9f@bandcamp.com,Female,213.85.10.1
341,Garth,McVaugh,gmcvaugh9g@youku.com,Male,124.189.56.178
342,Faydra,Drife,fdrife9h@wired.com,Female,162.112.0.245
343,Eugene,MacCrachen,emaccrachen9i@seattletimes.com,Male,59.109.152.127
344,Derrick,Caswall,dcaswall9j@php.net,Male,245.49.161.48
345,Sidoney,Kleeborn,skleeborn9k@pinterest.com,Female,155.85.110.86
346,Alfie,Brumby,abrumby9l@army.mil,Male,84.110.37.96
347,Peirce,Kaplan,pkaplan9m@a8.net,Male,17.174.70.186
348,Siward,Yarwood,syarwood9n@joomla.org,Male,109.185.56.43
349,Rodie,Norwell,rnorwell9o@craigslist.org,Female,186.167.60.133
350,Isak,Bardsley,ibardsley9p@ucoz.ru,Male,142.166.158.155
351,Kippy,Facer,kfacer9q@facebook.com,Bigender,232.253.191.214
352,Austine,Salters,asalters9r@exblog.jp,Female,40.141.16.223
353,Roscoe,Keat,rkeat9s@google.cn,Male,95.242.180.33
354,Leupold,Synnott,lsynnott9t@addtoany.com,Male,145.119.162.71
355,Frans,Fulkes,ffulkes9u@mozilla.com,Male,57.37.189.222
356,Cesya,Goode,cgoode9v@kickstarter.com,Genderqueer,231.246.251.240
357,Lloyd,Crumb,lcrumb9w@drupal.org,Male,62.67.62.9
358,Millie,Beswetherick,mbeswetherick9x@cornell.edu,Female,255.29.143.164
359,Peyter,Lamperti,plamperti9y@gravatar.com,Male,97.217.231.64
360,Gabe,Matanin,gmatanin9z@angelfire.com,Male,87.216.23.160
361,Sonnnie,Urry,surrya0@umn.edu,Female,32.36.196.218
362,Dodi,Kedslie,dkedsliea1@cocolog-nifty.com,Female,98.86.96.214
363,Karrah,Gowdie,kgowdiea2@photobucket.com,Female,170.121.165.28
364,Dur,Andrich,dandricha3@harvard.edu,Male,124.155.199.179
365,Shannon,Rowntree,srowntreea4@flickr.com,Genderqueer,51.52.81.214
366,Quintus,Clancy,qclancya5@smugmug.com,Male,148.247.198.143
367,Janette,Bustard,jbustarda6@ted.com,Female,24.129.28.163
368,Antony,Pickvance,apickvancea7@stumbleupon.com,Male,157.220.250.73
369,Benny,Kitchiner,bkitchinera8@storify.com,Male,216.200.148.79
370,Ruprecht,Stading,rstadinga9@sourceforge.net,Male,152.188.116.4
371,Sherye,Cornilleau,scornilleauaa@umich.edu,Female,78.115.121.222
372,Yettie,Davidofski,ydavidofskiab@dailymotion.com,Female,91.154.65.131
373,Bondon,Lutman,blutmanac@gnu.org,Polygender,79.163.124.93
374,Aurelea,Bucky,abuckyad@apple.com,Female,219.160.66.148
375,Rogers,Fuller,rfullerae@tuttocitta.it,Male,19.208.176.217
376,Alix,Halworth,ahalworthaf@nbcnews.com,Male,10.143.252.98
377,Raffaello,Stonelake,rstonelakeag@hud.gov,Male,240.182.206.81
378,Barnebas,Altimas,baltimasah@youku.com,Male,45.175.177.168
379,Jacinthe,Giffard,jgiffardai@angelfire.com,Female,3.33.203.194
380,Haleigh,Isselee,hisseleeaj@nydailynews.com,Male,144.50.111.181
381,Taffy,Houlworth,thoulworthak@answers.com,Female,83.19.162.171
382,Ardra,Rawson,arawsonal@aboutads.info,Female,135.45.54.153
383,Lazaro,Pinfold,lpinfoldam@ft.com,Male,68.57.82.96
384,Kelci,Skae,kskaean@myspace.com,Female,114.69.250.50
385,Alyda,Cockhill,acockhillao@studiopress.com,Female,132.64.90.35
386,Rhodia,Docket,rdocketap@businessweek.com,Genderqueer,223.106.198.90
387,Madelene,Bittleson,mbittlesonaq@vk.com,Female,204.184.19.255
388,Karoly,McComas,kmccomasar@booking.com,Male,35.160.57.71
389,Delmer,Artinstall,dartinstallas@about.com,Male,219.6.52.34
390,Phineas,Coffin,pcoffinat@harvard.edu,Male,211.17.163.108
391,Thacher,Snarr,tsnarrau@guardian.co.uk,Male,82.34.121.171
392,Abagael,Wittering,awitteringav@samsung.com,Female,83.111.186.127
393,Rodie,Capponer,rcapponeraw@gnu.org,Female,106.81.232.157
394,Georgi,Fearnall,gfearnallax@salon.com,Male,199.241.212.132
395,Phedra,Densey,pdenseyay@state.tx.us,Female,160.76.33.160
396,Darbee,Friatt,dfriattaz@networkadvertising.org,Male,69.2.129.135
397,Stefania,Screech,sscreechb0@gravatar.com,Female,216.131.93.204
398,Bayard,Norheny,bnorhenyb1@fastcompany.com,Male,195.163.134.245
399,Esmeralda,Frazer,efrazerb2@mac.com,Female,202.201.18.56
400,Alfreda,Comi,acomib3@columbia.edu,Female,239.19.139.142
401,Perle,Francescoccio,pfrancescocciob4@icq.com,Female,216.201.143.31
402,Johnnie,Wybourne,jwybourneb5@unicef.org,Male,231.98.90.164
403,Geno,Tedder,gtedderb6@zdnet.com,Male,230.23.18.14
404,Koressa,Sesons,ksesonsb7@prweb.com,Female,16.56.54.208
405,Alejandro,Quinane,aquinaneb8@dyndns.org,Male,13.174.66.125
406,Lurette,Marchetti,lmarchettib9@github.io,Female,219.3.14.143
407,Beltran,Willingale,bwillingaleba@oakley.com,Male,61.183.164.156
408,Esmaria,Meriel,emerielbb@bbc.co.uk,Genderfluid,101.85.114.178
409,Conant,Taylot,ctaylotbc@patch.com,Male,219.54.108.138
410,Margaret,Domico,mdomicobd@e-recht24.de,Female,221.245.207.20
411,Stu,Keniwell,skeniwellbe@baidu.com,Male,208.100.48.101
412,Ignace,Poure,ipourebf@com.com,Male,155.14.130.195
413,Jacqui,Enocksson,jenockssonbg@gnu.org,Female,237.161.121.116
414,Rancell,Drance,rdrancebh@rakuten.co.jp,Male,110.16.237.155
415,Zacharia,Ditchfield,zditchfieldbi@sitemeter.com,Male,117.168.158.139
416,Farrand,Dispencer,fdispencerbj@eepurl.com,Genderqueer,26.156.57.161
417,Koressa,Clouter,kclouterbk@liveinternet.ru,Female,135.49.24.59
418,Cherin,Downey,cdowneybl@parallels.com,Female,24.39.81.174
419,Pearla,Sly,pslybm@jigsy.com,Female,99.254.125.125
420,Francisco,Briand,fbriandbn@washingtonpost.com,Male,229.13.51.70
421,Eva,Riches,erichesbo@bravesites.com,Female,10.4.52.176
422,Mary,Seer,mseerbp@apple.com,Female,135.212.121.164
423,Schuyler,Mitchenson,smitchensonbq@constantcontact.com,Male,187.68.217.104
424,Pace,Sherewood,psherewoodbr@businessinsider.com,Genderqueer,123.80.133.147
425,Augustin,Colson,acolsonbs@live.com,Male,30.112.52.195
426,Ami,Biasioni,abiasionibt@homestead.com,Female,113.225.51.30
427,Sena,Waudby,swaudbybu@tumblr.com,Female,157.249.202.214
428,Monty,Lilburn,mlilburnbv@dailymotion.com,Male,185.27.140.123
429,Diannne,Biaggioli,dbiaggiolibw@vistaprint.com,Genderqueer,89.56.90.113
430,Reginauld,Roos,rroosbx@wikispaces.com,Male,215.61.73.4
431,Germana,Puvia,gpuviaby@a8.net,Female,28.159.23.14
432,Nerita,Bucky,nbuckybz@icq.com,Female,91.161.107.236
433,Lovell,Semechik,lsemechikc0@columbia.edu,Male,245.53.209.150
434,Keely,Nuschke,knuschkec1@redcross.org,Female,153.160.125.74
435,Findley,Garcia,fgarciac2@nih.gov,Male,111.33.108.21
436,Gavra,Stuckes,gstuckesc3@shop-pro.jp,Female,135.66.124.73
437,Milicent,Bebbington,mbebbingtonc4@fema.gov,Female,246.135.100.49
438,Silvano,Agass,sagassc5@arstechnica.com,Male,43.8.207.197
439,Jasun,Nortcliffe,jnortcliffec6@deliciousdays.com,Male,38.52.16.39
440,Gil,Blackater,gblackaterc7@mac.com,Male,6.223.45.126
441,Rawley,Giberd,rgiberdc8@unblog.fr,Male,41.33.206.127
442,Katinka,Arnholdt,karnholdtc9@cbc.ca,Female,236.149.79.12
443,Kinsley,Greenley,kgreenleyca@tripod.com,Genderqueer,234.154.17.168
444,Sergent,Lampen,slampencb@vistaprint.com,Male,1.123.90.170
445,Kevyn,Trussell,ktrussellcc@tumblr.com,Polygender,159.39.39.40
446,Ronalda,Lashbrook,rlashbrookcd@canalblog.com,Female,255.76.141.177
447,Hugo,Andrzejczak,handrzejczakce@apache.org,Male,21.153.98.141
448,Far,Rawlinson,frawlinsoncf@prlog.org,Male,15.149.90.228
449,Thorndike,Bartaletti,tbartaletticg@posterous.com,Male,196.161.233.110
450,Wilmette,Penzer,wpenzerch@earthlink.net,Female,7.197.71.4
451,Rubetta,Harback,rharbackci@mtv.com,Female,253.65.85.147
452,Bell,Gippes,bgippescj@pagesperso-orange.fr,Female,234.239.117.121
453,Ebba,Rapps,erappsck@cdc.gov,Female,219.16.82.118
454,Galvin,Terbruggen,gterbruggencl@pen.io,Male,93.191.73.92
455,Christiano,Seddon,cseddoncm@quantcast.com,Bigender,102.51.95.145
456,Linette,Stanislaw,lstanislawcn@tamu.edu,Genderfluid,128.178.194.171
457,Kendall,Stainson,kstainsonco@godaddy.com,Male,19.159.159.25
458,Nehemiah,Keaves,nkeavescp@com.com,Male,241.48.5.70
459,Ailbert,O'Donnell,aodonnellcq@nifty.com,Male,104.182.88.69
460,Chauncey,Scane,cscanecr@unesco.org,Male,71.169.71.84
461,Hoyt,Higginbottam,hhigginbottamcs@yellowpages.com,Male,182.117.113.137
462,Hernando,Beadnell,hbeadnellct@cnbc.com,Male,179.152.146.231
463,Elysha,Davoren,edavorencu@merriam-webster.com,Female,164.144.102.216
464,Kayne,Champagne,kchampagnecv@bing.com,Male,227.1.166.200
465,Porty,Veysey,pveyseycw@cbc.ca,Male,40.93.131.92
466,Brennan,Skewes,bskewescx@google.es,Agender,84.219.196.91
467,Morgun,Babe,mbabecy@alexa.com,Male,125.199.225.50
468,Phineas,Khristoforov,pkhristoforovcz@webeden.co.uk,Male,186.115.207.197
469,Klemens,Manhare,kmanhared0@fc2.com,Male,192.194.121.192
470,Cathi,Allicock,callicockd1@craigslist.org,Female,10.211.74.211
471,Hanni,Domeny,hdomenyd2@hp.com,Bigender,234.71.154.207
472,Tripp,Slaten,tslatend3@edublogs.org,Male,249.51.108.54
473,Saunderson,Lowson,slowsond4@cdc.gov,Male,212.67.65.31
474,Marjory,Aizlewood,maizlewoodd5@slate.com,Female,178.3.47.23
475,Lisbeth,Lavielle,llavielled6@example.com,Female,230.218.222.163
476,Emeline,Hawking,ehawkingd7@google.es,Female,0.154.54.180
477,Filberto,Elmer,felmerd8@angelfire.com,Male,200.96.201.237
478,Dirk,Reeken,dreekend9@homestead.com,Male,166.187.253.84
479,Trueman,Darlow,tdarlowda@furl.net,Male,137.101.69.109
480,Isac,Josselsohn,ijosselsohndb@yandex.ru,Male,183.45.103.52
481,Foss,Alldritt,falldrittdc@senate.gov,Male,121.31.212.38
482,Cort,Bowmer,cbowmerdd@howstuffworks.com,Male,115.131.78.181
483,Beltran,Maslin,bmaslinde@state.tx.us,Male,224.5.187.53
484,Cecilla,Gutman,cgutmandf@goo.ne.jp,Female,9.246.238.240
485,Caryl,McCanny,cmccannydg@seesaa.net,Bigender,207.140.85.5
486,Mariann,Crilley,mcrilleydh@booking.com,Female,62.95.249.19
487,Gun,Benzies,gbenziesdi@privacy.gov.au,Male,220.121.176.143
488,Randy,Simner,rsimnerdj@army.mil,Male,43.70.79.56
489,Humfrey,Birchner,hbirchnerdk@usatoday.com,Male,67.5.211.225
490,Mitzi,Harriday,mharridaydl@4shared.com,Genderqueer,165.36.152.199
491,Pearla,Bateson,pbatesondm@hubpages.com,Female,234.126.146.41
492,Vaughan,McClary,vmcclarydn@booking.com,Male,63.38.70.103
493,Gloriane,Remon,gremondo@xing.com,Female,238.182.156.206
494,Leanora,Bean,lbeandp@wix.com,Female,135.10.72.94
495,Sarge,Flegg,sfleggdq@blog.com,Male,156.79.7.25
496,Ruy,Walch,rwalchdr@gov.uk,Male,130.178.17.52
497,Eve,Jikylls,ejikyllsds@hhs.gov,Female,160.141.36.82
498,Gannie,Harvie,gharviedt@networksolutions.com,Male,148.42.189.188
499,Virgilio,Ende,vendedu@va.gov,Male,0.138.211.235
500,Ardelis,Lathaye,alathayedv@networksolutions.com,Genderfluid,21.243.158.89
501,Conrado,Bubbins,cbubbinsdw@dailymail.co.uk,Male,229.39.91.170
502,Bella,Ebdin,bebdindx@gizmodo.com,Female,74.23.74.153
503,Karil,Grigoriev,kgrigorievdy@prlog.org,Female,60.121.10.160
504,Lavena,Issitt,lissittdz@people.com.cn,Female,106.164.159.3
505,Uriah,Dulson,udulsone0@weebly.com,Male,192.27.162.62
506,Phil,Linggood,plinggoode1@sbwire.com,Male,169.41.181.125
507,Cory,Jarrett,cjarrette2@networkadvertising.org,Female,80.16.176.199
508,Gabe,Gallardo,ggallardoe3@networkadvertising.org,Male,241.184.102.233
509,Leupold,Reddie,lreddiee4@bloomberg.com,Male,97.97.105.72
510,Cass,Pinchback,cpinchbacke5@dmoz.org,Female,86.101.124.129
511,Jesse,Renols,jrenolse6@utexas.edu,Female,212.80.15.114
512,Yalonda,Oates,yoatese7@google.it,Genderqueer,171.219.163.70
513,Mehetabel,Martinovic,mmartinovice8@wiley.com,Female,236.186.182.111
514,Ronni,Shoobridge,rshoobridgee9@yelp.com,Female,155.74.115.46
515,Poul,Stubbley,pstubbleyea@de.vu,Male,54.203.17.39
516,Marcia,Bedingfield,mbedingfieldeb@statcounter.com,Female,141.118.171.196
517,Wilbert,Dominy,wdominyec@com.com,Male,144.238.147.254
518,Beatrisa,Sykes,bsykesed@wisc.edu,Female,206.163.241.183
519,Gena,Ballsdon,gballsdonee@si.edu,Female,77.21.50.254
520,Nealon,Jantet,njantetef@mayoclinic.com,Male,152.150.130.236
521,Adolphus,Campsall,acampsalleg@answers.com,Male,165.166.161.198
522,Miller,Broke,mbrokeeh@msu.edu,Male,235.16.236.133
523,Flin,Saward,fsawardei@exblog.jp,Male,69.253.99.24
524,Piotr,Dowsing,pdowsingej@scientificamerican.com,Male,219.204.92.125
525,Allistir,Shrimpling,ashrimplingek@imageshack.us,Male,43.165.131.251
526,Callida,Bruyntjes,cbruyntjesel@dell.com,Non-binary,173.75.99.244
527,Georgeta,Hasell,ghasellem@spiegel.de,Genderqueer,51.228.105.165
528,Whit,Faccini,wfaccinien@disqus.com,Male,126.244.55.52
529,Tudor,Deyenhardt,tdeyenhardteo@arstechnica.com,Male,41.254.231.181
530,Joete,Parkman,jparkmanep@nps.gov,Female,101.10.155.213
531,Ernestine,Flack,eflackeq@com.com,Bigender,253.211.240.79
532,Nial,Klemz,nklemzer@sciencedaily.com,Male,151.74.234.131
533,Yoko,Vinau,yvinaues@house.gov,Female,133.204.11.89
534,Crichton,Mackinder,cmackinderet@dot.gov,Genderfluid,141.185.234.16
535,Kelley,Eddy,keddyeu@oracle.com,Male,114.80.53.70
536,Siusan,Thresher,sthresherev@businesswire.com,Female,213.228.9.133
537,Fin,Cammell,fcammellew@cdbaby.com,Male,167.118.144.22
538,Amabelle,McMahon,amcmahonex@intel.com,Female,202.172.214.84
539,Solomon,Cleef,scleefey@opera.com,Male,173.100.131.114
540,Dyane,Tregenna,dtregennaez@mtv.com,Female,169.108.39.210
541,Maurits,Burbury,mburburyf0@i2i.jp,Male,38.247.58.5
542,Julita,Harrald,jharraldf1@discovery.com,Female,114.40.204.232
543,Aveline,Wixon,awixonf2@accuweather.com,Female,63.4.12.237
544,Rosamond,Novkovic,rnovkovicf3@trellian.com,Female,62.103.117.142
545,Ole,Warkup,owarkupf4@buzzfeed.com,Male,38.206.109.173
546,Janna,Baynard,jbaynardf5@yelp.com,Genderqueer,180.65.156.100
547,Amil,Hymer,ahymerf6@exblog.jp,Female,17.83.56.125
548,Allissa,Docherty,adochertyf7@apple.com,Female,62.86.225.234
549,Chrysler,Rolland,crollandf8@vistaprint.com,Female,233.131.9.86
550,Hymie,Blasio,hblasiof9@weibo.com,Male,8.13.253.51
551,Robby,Antalffy,rantalffyfa@ocn.ne.jp,Female,200.148.168.137
552,Cesar,Inglesant,cinglesantfb@upenn.edu,Male,63.187.225.88
553,Bianca,Venus,bvenusfc@tamu.edu,Female,131.211.162.244
554,Elke,Bostick,ebostickfd@seesaa.net,Female,137.149.7.18
555,Paco,Crust,pcrustfe@statcounter.com,Male,118.117.113.75
556,Napoleon,Corney,ncorneyff@hubpages.com,Male,209.239.116.0
557,Pamella,Hugenin,phugeninfg@altervista.org,Female,136.106.230.202
558,Kennett,Lamble,klamblefh@live.com,Male,134.19.106.242
559,Marcello,O'Geaney,mogeaneyfi@quantcast.com,Male,212.94.219.149
560,Kennie,Penhallurick,kpenhallurickfj@diigo.com,Male,211.124.3.18
561,Nara,Lorey,nloreyfk@patch.com,Female,58.7.93.20
562,Ronna,Kalderon,rkalderonfl@hostgator.com,Female,64.163.118.173
563,Court,Doring,cdoringfm@mozilla.com,Male,13.228.42.106
564,Ingemar,Jelly,ijellyfn@infoseek.co.jp,Male,217.19.148.138
565,Chuck,McKeaney,cmckeaneyfo@narod.ru,Male,169.10.164.63
566,Violetta,Barrat,vbarratfp@yolasite.com,Female,129.176.35.13
567,Mureil,Creavan,mcreavanfq@google.nl,Female,166.137.254.74
568,Brew,Murney,bmurneyfr@tripadvisor.com,Male,154.28.114.59
569,Marilee,Wafer,mwaferfs@mail.ru,Female,22.247.88.125
570,Farand,Cescoti,fcescotift@odnoklassniki.ru,Female,4.79.68.213
571,Horton,Defont,hdefontfu@psu.edu,Male,117.247.14.212
572,Yoshiko,Hehir,yhehirfv@163.com,Female,50.57.113.167
573,Annamaria,Elston,aelstonfw@cdbaby.com,Female,12.152.185.158
574,Bert,Romagnosi,bromagnosifx@engadget.com,Male,107.143.102.76
575,See,Rosencrantz,srosencrantzfy@artisteer.com,Male,203.47.142.33
576,Levy,Linny,llinnyfz@senate.gov,Male,160.106.51.232
577,Jacquelynn,Treher,jtreherg0@purevolume.com,Female,88.26.229.69
578,Fredek,Van Dalen,fvandaleng1@cbslocal.com,Polygender,173.43.90.52
579,Delcine,Jantzen,djantzeng2@blogtalkradio.com,Non-binary,172.19.26.193
580,Viole,Griffith,vgriffithg3@taobao.com,Female,175.48.241.241
581,Stefania,O' Quirk,soquirkg4@paginegialle.it,Female,244.220.146.197
582,Raychel,Churchman,rchurchmang5@ebay.com,Genderqueer,167.114.13.227
583,Peg,Mothersole,pmothersoleg6@wikipedia.org,Female,165.90.0.132
584,Wait,Joost,wjoostg7@parallels.com,Male,254.163.171.127
585,Tamqrah,Lambotin,tlamboting8@goo.gl,Female,111.42.167.191
586,Conni,Dalrymple,cdalrympleg9@patch.com,Female,12.53.32.100
587,Genna,Lowes,glowesga@techcrunch.com,Non-binary,220.31.8.231
588,Gustaf,Gilhoolie,ggilhooliegb@acquirethisname.com,Male,179.146.253.189
589,Rodolfo,Grinley,rgrinleygc@tmall.com,Male,71.125.117.91
590,Krysta,Paulin,kpaulingd@people.com.cn,Female,154.150.132.242
591,Muffin,Officer,mofficerge@feedburner.com,Genderqueer,142.201.52.80
592,Chrystal,Penwright,cpenwrightgf@uol.com.br,Female,190.220.224.63
593,Briana,De Beneditti,bdebenedittigg@goo.gl,Female,194.27.212.238
594,Randie,Wellman,rwellmangh@msn.com,Male,118.91.232.22
595,Aldous,Kinkead,akinkeadgi@studiopress.com,Male,156.32.118.250
596,Vale,Feirn,vfeirngj@fema.gov,Male,71.194.101.13
597,Rodd,Waitland,rwaitlandgk@webs.com,Male,218.71.243.29
598,Myrvyn,Battersby,mbattersbygl@cornell.edu,Male,13.228.95.212
599,Celina,MacRonald,cmacronaldgm@cbslocal.com,Female,242.138.67.237
600,Haskel,Dionisi,hdionisign@dropbox.com,Male,161.82.200.96
601,Lotti,Guilfoyle,lguilfoylego@github.com,Genderfluid,240.69.62.84
602,Diane-marie,Feathers,dfeathersgp@live.com,Female,101.80.187.150
603,Friedrick,Sweatman,fsweatmangq@nytimes.com,Male,253.124.42.215
604,Cassi,Brahms,cbrahmsgr@oakley.com,Female,216.224.138.199
605,Maura,Filintsev,mfilintsevgs@geocities.com,Bigender,229.210.210.79
606,Raimundo,MacSorley,rmacsorleygt@yelp.com,Male,199.85.143.210
607,Indira,Delos,idelosgu@1und1.de,Female,78.218.210.87
608,Cobb,Martlew,cmartlewgv@smh.com.au,Male,198.120.230.224
609,Analiese,Chiplen,achiplengw@netscape.com,Female,24.91.180.167
610,Dacia,Crace,dcracegx@berkeley.edu,Female,143.5.27.39
611,Ogden,Keeltagh,okeeltaghgy@cisco.com,Male,187.48.214.150
612,Guinna,Hannigan,ghannigangz@stumbleupon.com,Female,108.215.218.182
613,Hunt,Rizzolo,hrizzoloh0@creativecommons.org,Male,122.114.141.142
614,Earlie,Haukey,ehaukeyh1@seattletimes.com,Bigender,180.235.175.133
615,Merl,Navein,mnaveinh2@howstuffworks.com,Non-binary,74.227.160.238
616,Ewan,Labro,elabroh3@youku.com,Male,234.113.66.25
617,Rogerio,Bertouloume,rbertouloumeh4@salon.com,Male,150.162.71.202
618,Sybil,Kunath,skunathh5@nba.com,Female,163.49.186.118
619,Shurlocke,Fulop,sfuloph6@imgur.com,Genderfluid,113.120.193.220
620,Isis,Peppard,ipeppardh7@ifeng.com,Female,35.112.55.169
621,Bertrando,Paradis,bparadish8@github.io,Male,224.61.24.224
622,Gay,Mowsdale,gmowsdaleh9@ehow.com,Male,6.144.72.187
623,Melesa,Britt,mbrittha@ebay.co.uk,Female,21.154.146.72
624,Coleman,Seth,csethhb@cocolog-nifty.com,Male,171.46.201.222
625,Antonella,Maisey,amaiseyhc@gov.uk,Female,142.40.147.12
626,Mic,O'Geneay,mogeneayhd@phoca.cz,Agender,163.104.103.22
627,Jim,Bauduin,jbauduinhe@discovery.com,Polygender,153.247.253.225
628,Annabel,Langan,alanganhf@ameblo.jp,Female,85.139.96.93
629,Roch,Hothersall,rhothersallhg@house.gov,Female,95.42.48.148
630,Caralie,Weld,cweldhh@mozilla.org,Female,128.241.112.186
631,Emmy,Anfonsi,eanfonsihi@aboutads.info,Male,67.200.111.168
632,Merrilee,Grubb,mgrubbhj@jalbum.net,Female,71.0.71.98
633,Emilio,Street,estreethk@dagondesign.com,Male,112.88.248.109
634,Star,Jowling,sjowlinghl@artisteer.com,Female,220.37.102.17
635,Dael,Diamond,ddiamondhm@goo.gl,Female,109.142.32.14
636,Margette,Thies,mthieshn@feedburner.com,Female,116.32.33.132
637,Kippy,Vokins,kvokinsho@wufoo.com,Male,142.22.248.232
638,Abba,Bogie,abogiehp@aol.com,Male,70.246.237.26
639,Martita,Dyment,mdymenthq@surveymonkey.com,Female,234.172.120.122
640,Kerianne,Kluge,kklugehr@hatena.ne.jp,Female,216.181.84.166
641,Nobie,Corten,ncortenhs@cafepress.com,Male,108.51.126.232
642,Hurleigh,Fromont,hfromontht@domainmarket.com,Male,249.187.132.233
643,Lorenza,Cordoba,lcordobahu@apple.com,Female,167.123.191.189
644,Silvie,Wilde,swildehv@nytimes.com,Female,36.242.149.35
645,Reuben,Holby,rholbyhw@yahoo.co.jp,Male,86.105.208.63
646,Mariel,Trevance,mtrevancehx@yandex.ru,Genderfluid,148.191.11.76
647,Gordie,Steuart,gsteuarthy@yelp.com,Male,236.38.148.237
648,Martyn,Greatrex,mgreatrexhz@1688.com,Male,133.2.45.100
649,Forester,Dragge,fdraggei0@theatlantic.com,Male,151.91.39.54
650,Temp,Haddon,thaddoni1@fastcompany.com,Male,240.150.24.233
651,Hamnet,Ciccarelli,hciccarellii2@live.com,Male,187.106.121.117
652,Quillan,Emor,qemori3@istockphoto.com,Male,30.5.84.185
653,Ravid,Chittem,rchittemi4@wired.com,Male,235.103.160.206
654,Nicola,Dooman,ndoomani5@naver.com,Female,62.76.141.57
655,Skyler,Bessell,sbesselli6@opera.com,Male,135.124.251.185
656,Eryn,Zielinski,ezielinskii7@yellowbook.com,Female,16.20.67.109
657,Zena,Duferie,zduferiei8@umich.edu,Female,19.75.48.84
658,Kaspar,Rubinsky,krubinskyi9@usnews.com,Male,95.83.207.88
659,Lucian,Shawe,lshaweia@epa.gov,Male,107.186.39.135
660,Ailbert,Robecon,arobeconib@patch.com,Male,11.139.188.146
661,Vasilis,Trippett,vtrippettic@uol.com.br,Male,226.132.241.228
662,Anna,Longman,alongmanid@fema.gov,Female,228.200.163.248
663,Kingston,Darville,kdarvilleie@phpbb.com,Male,55.234.46.164
664,Geneva,Hukins,ghukinsif@parallels.com,Female,151.206.143.147
665,Lawrence,Parry,lparryig@xing.com,Male,63.6.93.143
666,Albina,Luto,alutoih@g.co,Female,118.12.107.121
667,Shalne,Davio,sdavioii@kickstarter.com,Female,34.107.140.158
668,Huntlee,Tucknott,htucknottij@over-blog.com,Male,192.200.193.135
669,Binni,Barents,bbarentsik@stumbleupon.com,Female,118.103.245.27
670,Sela,Jones,sjonesil@digg.com,Non-binary,170.129.107.200
671,Marin,Oloman,molomanim@soup.io,Female,22.89.158.44
672,Sandy,Buswell,sbuswellin@domainmarket.com,Male,61.149.11.193
673,Madlin,Peattie,mpeattieio@ox.ac.uk,Agender,20.5.173.49
674,Culley,Glancey,cglanceyip@fda.gov,Male,97.190.197.77
675,Paten,Manhood,pmanhoodiq@mail.ru,Male,59.84.19.16
676,Aurelie,Turmall,aturmallir@gizmodo.com,Female,54.54.22.118
677,Jewelle,Puden,jpudenis@timesonline.co.uk,Female,213.206.241.226
678,Loreen,Szapiro,lszapiroit@springer.com,Female,37.150.143.181
679,Geoffrey,Sapsforde,gsapsfordeiu@clickbank.net,Male,4.31.177.130
680,Bernete,Clemmow,bclemmowiv@howstuffworks.com,Female,24.214.210.18
681,Vin,Bier,vbieriw@so-net.ne.jp,Genderfluid,170.183.201.190
682,Chlo,Jales,cjalesix@cmu.edu,Female,10.30.111.234
683,Sula,Illston,sillstoniy@google.es,Agender,184.151.227.237
684,Chas,Robelin,crobeliniz@nih.gov,Male,94.230.195.208
685,Rufe,Ramsdell,rramsdellj0@rakuten.co.jp,Polygender,167.25.114.49
686,Urban,Ellwand,uellwandj1@cloudflare.com,Male,191.86.118.209
687,Rogerio,Wannop,rwannopj2@slate.com,Polygender,231.121.228.243
688,Meredith,Geaney,mgeaneyj3@china.com.cn,Male,151.1.244.54
689,Kristy,Grzegorzewicz,kgrzegorzewiczj4@nymag.com,Female,114.86.197.212
690,Raquel,Pepperrall,rpepperrallj5@themeforest.net,Female,183.30.157.79
691,Hattie,Spedroni,hspedronij6@domainmarket.com,Female,170.151.109.136
692,Gery,Elgie,gelgiej7@wsj.com,Male,116.55.145.92
693,Stefania,McPartling,smcpartlingj8@stanford.edu,Female,162.13.70.219
694,Kaitlyn,Connochie,kconnochiej9@fastcompany.com,Female,88.56.196.99
695,Alfonso,Wharlton,awharltonja@google.ca,Male,171.202.71.21
696,Natalie,Daffey,ndaffeyjb@jalbum.net,Female,127.137.84.82
697,Daile,Iltchev,diltchevjc@marriott.com,Female,59.200.236.0
698,Logan,Renad,lrenadjd@tripod.com,Male,63.182.26.4
699,Avivah,McGavigan,amcgaviganje@qq.com,Female,30.72.78.64
700,Shellysheldon,Luety,sluetyjf@yolasite.com,Male,213.81.61.97
701,Amargo,Shepherdson,ashepherdsonjg@mtv.com,Female,15.216.177.253
702,Jolynn,Dytham,jdythamjh@tinypic.com,Female,211.68.113.208
703,Karon,Forte,kforteji@apple.com,Female,119.84.234.160
704,Philippe,Gainsford,pgainsfordjj@intel.com,Female,24.169.171.52
705,Obadias,Callendar,ocallendarjk@etsy.com,Male,76.78.146.11
706,Luca,Furber,lfurberjl@ca.gov,Male,149.249.201.214
707,Rozelle,Gibbie,rgibbiejm@symantec.com,Female,187.232.162.156
708,Francis,Liff,fliffjn@rambler.ru,Male,60.65.110.14
709,Charla,Karpets,ckarpetsjo@toplist.cz,Female,149.189.159.86
710,Jermain,Stowte,jstowtejp@baidu.com,Male,209.163.16.243
711,Shay,Derobert,sderobertjq@google.ru,Male,147.198.221.13
712,Wesley,Drinkwater,wdrinkwaterjr@taobao.com,Male,218.119.198.253
713,Corly,Gillian,cgillianjs@eepurl.com,Female,21.121.91.65
714,Doro,Eltone,deltonejt@vistaprint.com,Female,142.222.141.25
715,Pierre,Tubbles,ptubblesju@bandcamp.com,Male,82.21.106.181
716,Guillema,Dewett,gdewettjv@hhs.gov,Female,120.124.189.199
717,Hattie,Gavigan,hgaviganjw@pen.io,Female,220.38.238.4
718,Ignatius,Schulken,ischulkenjx@umn.edu,Male,233.47.63.41
719,Cassie,Caughtry,ccaughtryjy@weebly.com,Male,93.75.58.175
720,Norton,Crisford,ncrisfordjz@state.tx.us,Male,167.62.196.190
721,Augustine,McKerton,amckertonk0@slideshare.net,Male,61.39.47.103
722,Mada,Meininger,mmeiningerk1@china.com.cn,Female,58.229.233.95
723,Candy,Aylesbury,caylesburyk2@economist.com,Female,92.244.220.1
724,Peter,Upward,pupwardk3@newsvine.com,Male,226.83.233.160
725,Orin,Chastan,ochastank4@oaic.gov.au,Male,212.22.204.2
726,Renelle,Collabine,rcollabinek5@trellian.com,Female,182.159.138.97
727,Aldon,McBrady,amcbradyk6@360.cn,Male,116.93.197.14
728,Sashenka,Dosedale,sdosedalek7@ovh.net,Female,28.91.165.245
729,Christy,McTrustam,cmctrustamk8@youtu.be,Female,168.161.47.8
730,Marylou,Castro,mcastrok9@timesonline.co.uk,Female,51.21.222.130
731,Conrado,Shoard,cshoardka@si.edu,Male,115.185.65.5
732,Edik,Klosges,eklosgeskb@howstuffworks.com,Male,115.157.66.203
733,Noak,Kroll,nkrollkc@weather.com,Male,168.207.159.241
734,Laina,Olfert,lolfertkd@psu.edu,Female,89.70.131.46
735,Fitzgerald,Lawrence,flawrenceke@japanpost.jp,Male,155.212.240.166
736,Joanne,Brookwell,jbrookwellkf@bravesites.com,Female,68.78.234.220
737,Caro,Ovesen,covesenkg@pbs.org,Female,95.199.121.84
738,Bellina,Blackler,bblacklerkh@ow.ly,Female,194.16.185.73
739,Ferris,Fines,ffineski@vinaora.com,Male,20.239.24.189
740,Debbi,Swaite,dswaitekj@hp.com,Female,13.173.242.166
741,Engelbert,Tonbye,etonbyekk@comcast.net,Male,189.181.174.48
742,Shaina,Yellowlees,syellowleeskl@icq.com,Female,150.161.70.165
743,Cristobal,Boobyer,cboobyerkm@meetup.com,Male,13.13.13.76
744,Bale,Forsyth,bforsythkn@guardian.co.uk,Male,180.210.211.220
745,Wright,Sculpher,wsculpherko@ftc.gov,Genderqueer,251.196.126.239
746,Bogart,Storres,bstorreskp@ezinearticles.com,Male,217.160.98.51
747,Guinevere,Hupe,ghupekq@list-manage.com,Female,206.72.102.199
748,Cassey,Boucher,cboucherkr@spiegel.de,Female,170.51.162.157
749,Zahara,Britian,zbritianks@accuweather.com,Female,150.100.72.106
750,Rica,Easby,reasbykt@ibm.com,Female,202.128.181.156
751,Elisha,MacGarvey,emacgarveyku@blogtalkradio.com,Male,208.211.45.168
752,Arabella,Trask,atraskkv@rambler.ru,Female,219.100.138.112
753,Salvidor,Fey,sfeykw@privacy.gov.au,Male,62.245.88.240
754,Nixie,McKain,nmckainkx@xrea.com,Female,102.127.199.154
755,Wendell,Silvers,wsilversky@dailymotion.com,Male,137.66.129.5
756,Marcel,Book,mbookkz@paypal.com,Male,120.251.63.213
757,Lewes,Storah,lstorahl0@canalblog.com,Male,209.195.16.78
758,Merry,Jirka,mjirkal1@google.pl,Male,129.155.45.60
759,Shannan,Whittet,swhittetl2@furl.net,Male,97.31.213.94
760,Suzanna,Worrall,sworralll3@bloglovin.com,Female,90.60.229.118
761,Nike,Lenaghen,nlenaghenl4@paypal.com,Female,46.154.121.5
762,Shani,Christou,schristoul5@gizmodo.com,Female,40.145.213.159
763,Bryan,Teaser,bteaserl6@chronoengine.com,Male,249.223.178.123
764,Brana,Gentile,bgentilel7@mit.edu,Female,233.232.189.21
765,Ritchie,Littrick,rlittrickl8@wikimedia.org,Male,47.214.91.18
766,Astrix,Crosland,acroslandl9@miibeian.gov.cn,Female,204.72.152.175
767,Joachim,Housbey,jhousbeyla@yolasite.com,Male,145.155.39.8
768,Darcee,Hamblin,dhamblinlb@tinypic.com,Female,30.103.78.239
769,Doy,Mila,dmilalc@mail.ru,Male,113.105.168.205
770,Harli,Float,hfloatld@ucoz.com,Female,172.63.205.130
771,Thornie,Dyball,tdyballle@nature.com,Male,217.248.59.13
772,Lawrence,Digginson,ldigginsonlf@oracle.com,Male,220.75.14.192
773,Lesly,Preene,lpreenelg@biglobe.ne.jp,Female,96.31.43.136
774,Ollie,Arnholtz,oarnholtzlh@mit.edu,Female,204.181.46.221
775,Baxie,Borkin,bborkinli@columbia.edu,Male,188.27.80.198
776,Mead,Amner,mamnerlj@photobucket.com,Female,121.10.50.115
777,Dory,Mc Queen,dmcqueenlk@yellowbook.com,Male,199.229.11.85
778,Efrem,Dundredge,edundredgell@sbwire.com,Male,0.141.216.152
779,Mariska,Cringle,mcringlelm@hao123.com,Female,26.194.116.105
780,Dalia,Bawden,dbawdenln@instagram.com,Female,90.8.183.104
781,Jodi,Limrick,jlimricklo@i2i.jp,Male,98.245.9.60
782,Allys,Cowen,acowenlp@joomla.org,Female,32.252.198.146
783,Patricio,Abbet,pabbetlq@issuu.com,Male,108.90.95.111
784,Timoteo,Gloucester,tgloucesterlr@shinystat.com,Male,246.86.32.4
785,Rick,Clingan,rclinganls@salon.com,Male,232.223.104.39
786,Russell,Franklin,rfranklinlt@sakura.ne.jp,Male,106.56.86.189
787,Eddy,Sterrick,esterricklu@devhub.com,Female,204.191.177.25
788,Pablo,Pentony,ppentonylv@youtube.com,Male,18.196.204.63
789,Flss,Luto,flutolw@vkontakte.ru,Female,101.158.231.201
790,Leanna,Driffield,ldriffieldlx@icq.com,Female,70.218.99.5
791,Gaby,Talby,gtalbyly@ftc.gov,Male,244.181.97.16
792,Nonna,Batchley,nbatchleylz@themeforest.net,Female,109.213.237.69
793,Celestina,Beresfore,cberesforem0@blog.com,Female,96.10.129.170
794,Jaymie,Atmore,jatmorem1@360.cn,Male,206.27.94.68
795,Laryssa,Trewin,ltrewinm2@woothemes.com,Female,47.212.230.66
796,Charles,Warland,cwarlandm3@wikipedia.org,Male,41.243.100.124
797,Killie,Bartolomivis,kbartolomivism4@webmd.com,Male,127.176.105.5
798,Dorita,Fairman,dfairmanm5@jiathis.com,Female,47.187.169.32
799,Silvana,Aliberti,salibertim6@barnesandnoble.com,Female,128.236.253.43
800,Broddie,Andretti,bandrettim7@ask.com,Male,151.95.83.44
801,Dionne,Oldland,doldlandm8@feedburner.com,Female,222.148.46.121
802,Dinny,Colegrove,dcolegrovem9@g.co,Female,139.46.123.90
803,Hayyim,Kinahan,hkinahanma@cmu.edu,Male,185.63.249.251
804,Nicolea,Beven,nbevenmb@elegantthemes.com,Non-binary,98.79.202.139
805,Annadiane,Zute,azutemc@bluehost.com,Female,22.71.249.149
806,Jaclin,Pettendrich,jpettendrichmd@barnesandnoble.com,Female,33.236.234.191
807,Windham,Lannon,wlannonme@ft.com,Male,41.149.199.254
808,Lavinie,Neale,lnealemf@1und1.de,Female,204.109.242.217
809,Lyell,Given,lgivenmg@nydailynews.com,Male,191.155.254.6
810,Lowell,Rasch,lraschmh@aboutads.info,Male,29.13.103.47
811,Artair,Rodgers,arodgersmi@uiuc.edu,Male,13.231.246.187
812,Thorsten,Bultitude,tbultitudemj@ustream.tv,Genderqueer,113.80.163.195
813,Monroe,Beauly,mbeaulymk@goo.ne.jp,Male,197.66.67.188
814,Marchelle,Muat,mmuatml@fda.gov,Female,123.105.249.45
815,Holt,Schenfisch,hschenfischmm@sbwire.com,Male,147.136.195.189
816,Sloan,Linturn,slinturnmn@who.int,Male,242.187.84.147
817,Minnie,Edward,medwardmo@nps.gov,Female,178.118.145.204
818,Tucker,Osgar,tosgarmp@howstuffworks.com,Male,129.140.131.43
819,Clarita,Tuck,ctuckmq@ibm.com,Female,148.211.43.67
820,Ray,Bransgrove,rbransgrovemr@chronoengine.com,Female,185.161.176.250
821,Cassondra,Dogerty,cdogertyms@paypal.com,Female,6.214.12.183
822,Sayre,Westmorland,swestmorlandmt@oracle.com,Male,242.164.9.219
823,Vincenz,Hundell,vhundellmu@imdb.com,Male,183.0.46.170
824,Liesa,Turbern,lturbernmv@blinklist.com,Agender,183.218.189.166
825,Letty,Tenwick,ltenwickmw@slideshare.net,Female,110.85.206.250
826,Diann,Allicock,dallicockmx@ycombinator.com,Female,15.66.243.227
827,Yuri,Behnen,ybehnenmy@cbc.ca,Male,142.52.220.98
828,Jammie,McCreedy,jmccreedymz@mozilla.org,Female,5.154.167.129
829,Eugine,Raraty,eraratyn0@nature.com,Female,81.233.44.228
830,Alethea,Bittany,abittanyn1@diigo.com,Female,154.241.27.216
831,Walden,Tythe,wtythen2@chronoengine.com,Bigender,56.235.182.224
832,Clyde,Retter,crettern3@canalblog.com,Male,180.6.144.25
833,Filmer,Andriveau,fandriveaun4@amazon.co.jp,Male,181.251.254.52
834,Morley,Fairfoul,mfairfouln5@tiny.cc,Male,15.14.255.154
835,Sargent,Jude,sjuden6@1und1.de,Male,227.167.216.243
836,Devon,Ollier,dolliern7@canalblog.com,Female,51.54.220.117
837,Sandye,Duplain,sduplainn8@amazonaws.com,Female,20.236.249.50
838,Dorene,Darben,ddarbenn9@vinaora.com,Female,227.216.25.153
839,Ddene,Trout,dtroutna@cornell.edu,Non-binary,71.181.127.104
840,Evy,Siveyer,esiveyernb@google.de,Female,252.148.73.210
841,Tedmund,Niesel,tnieselnc@free.fr,Male,211.148.33.161
842,Noe,Briars,nbriarsnd@so-net.ne.jp,Male,166.219.188.17
843,Binni,Sturges,bsturgesne@yahoo.com,Non-binary,146.173.160.132
844,Paco,Beddingham,pbeddinghamnf@umich.edu,Male,200.69.5.169
845,Karyn,Trumble,ktrumbleng@home.pl,Female,165.141.243.67
846,Saundra,Risebrow,srisebrownh@icio.us,Male,128.166.82.45
847,Pat,Hebbron,phebbronni@exblog.jp,Non-binary,145.101.111.208
848,Nicolis,Cooch,ncoochnj@wired.com,Male,3.146.76.93
849,Humberto,Speak,hspeaknk@mayoclinic.com,Male,81.98.236.239
850,Cassandra,MacRedmond,cmacredmondnl@wikia.com,Female,226.250.109.170
851,Wiatt,Outerbridge,wouterbridgenm@acquirethisname.com,Male,121.192.245.110
852,Andrej,Winthrop,awinthropnn@usda.gov,Male,138.73.40.180
853,Gib,D'Aulby,gdaulbyno@digg.com,Male,174.222.217.27
854,Durante,Wickins,dwickinsnp@weebly.com,Male,99.254.237.45
855,Delphine,Eschalotte,deschalottenq@pbs.org,Female,178.116.176.152
856,Ilka,Ogdahl,iogdahlnr@craigslist.org,Female,249.1.142.194
857,Weston,Sainter,wsainterns@europa.eu,Male,230.49.127.19
858,Lianne,Hellicar,lhellicarnt@ft.com,Female,110.207.152.92
859,Lola,Brittin,lbrittinnu@artisteer.com,Non-binary,79.42.195.171
860,Fionna,Mabbott,fmabbottnv@networksolutions.com,Female,9.250.5.24
861,Chane,Leyrroyd,cleyrroydnw@livejournal.com,Male,193.160.113.85
862,Tara,Bryson,tbrysonnx@liveinternet.ru,Agender,198.202.181.126
863,Belia,Wartonby,bwartonbyny@youku.com,Female,102.136.72.111
864,Shari,Southworth,ssouthworthnz@github.com,Female,80.7.32.9
865,Dannel,Odams,dodamso0@ihg.com,Male,8.0.209.184
866,Gaylord,Walhedd,gwalheddo1@virginia.edu,Male,196.247.123.146
867,Gaile,Bootyman,gbootymano2@friendfeed.com,Male,242.61.83.152
868,Tore,Croucher,tcrouchero3@omniture.com,Male,39.75.97.193
869,Arlyn,Donovan,adonovano4@nasa.gov,Female,255.224.234.164
870,Barty,Treamayne,btreamayneo5@redcross.org,Male,44.58.46.241
871,Nicky,Gaskin,ngaskino6@php.net,Male,13.179.222.174
872,Nance,Peasby,npeasbyo7@instagram.com,Female,23.220.192.120
873,Ameline,Glendza,aglendzao8@rambler.ru,Female,57.79.216.212
874,Marabel,Stenyng,mstenyngo9@auda.org.au,Female,69.167.27.72
875,Calv,Kennet,ckennetoa@ning.com,Male,54.56.217.78
876,Jorey,Bullimore,jbullimoreob@liveinternet.ru,Female,240.148.212.105
877,Helenka,Burwood,hburwoodoc@umich.edu,Female,219.74.25.228
878,Gannon,Brennenstuhl,gbrennenstuhlod@virginia.edu,Male,64.22.42.60
879,Reinaldo,Joynt,rjoyntoe@eepurl.com,Male,37.98.25.234
880,Melba,Ceccoli,mceccoliof@meetup.com,Female,171.167.56.15
881,Jo,Burgoine,jburgoineog@mtv.com,Female,17.203.151.83
882,Olga,Allso,oallsooh@g.co,Female,196.233.57.251
883,Jacinda,Hartburn,jhartburnoi@gnu.org,Female,185.0.44.53
884,Gisella,Fairfoot,gfairfootoj@1und1.de,Non-binary,248.10.161.69
885,Mela,Sandy,msandyok@indiegogo.com,Female,172.238.43.113
886,Dollie,Behrend,dbehrendol@psu.edu,Bigender,96.219.35.57
887,Andres,Deacock,adeacockom@nytimes.com,Male,118.47.211.135
888,Jemima,Whatley,jwhatleyon@scribd.com,Agender,160.209.213.76
889,Sean,Sollett,ssollettoo@domainmarket.com,Male,173.62.251.135
890,Robers,Bennet,rbennetop@nbcnews.com,Male,73.168.236.219
891,Dorian,McConnell,dmcconnelloq@cnet.com,Male,29.144.55.54
892,Silas,Lingley,slingleyor@wiley.com,Male,78.41.223.146
893,Tedra,Dayton,tdaytonos@stanford.edu,Female,51.211.233.239
894,Ole,Earney,oearneyot@cyberchimps.com,Male,31.64.26.201
895,Thadeus,Sheraton,tsheratonou@answers.com,Non-binary,39.235.186.26
896,Kellia,Obin,kobinov@hc360.com,Female,130.52.107.51
897,Sigismundo,Hambelton,shambeltonow@icq.com,Male,123.158.148.62
898,Gun,Brecknell,gbrecknellox@sitemeter.com,Male,114.100.245.187
899,Phip,Pryce,ppryceoy@163.com,Male,92.136.33.163
900,Sela,Cosbey,scosbeyoz@livejournal.com,Agender,141.135.205.31
901,Rosemonde,Charteris,rcharterisp0@sakura.ne.jp,Female,167.39.243.17
902,Lorant,Cristofol,lcristofolp1@umich.edu,Male,218.90.24.208
903,Leonie,Gillinghams,lgillinghamsp2@tinypic.com,Female,215.239.88.36
904,Chandal,Telford,ctelfordp3@exblog.jp,Female,117.125.195.249
905,Bliss,Guillon,bguillonp4@spiegel.de,Female,114.163.215.234
906,Gwendolin,Riguard,griguardp5@pinterest.com,Female,48.173.190.248
907,Roxanne,Bugbird,rbugbirdp6@archive.org,Female,203.7.159.98
908,Marsh,Rickford,mrickfordp7@e-recht24.de,Male,29.231.156.145
909,Hatti,Peck,hpeckp8@shop-pro.jp,Female,211.154.72.149
910,Giuseppe,West,gwestp9@ocn.ne.jp,Male,226.64.32.136
911,Foss,Beevers,fbeeverspa@usatoday.com,Male,212.200.242.135
912,Eleanor,McCaughan,emccaughanpb@ca.gov,Female,57.1.176.21
913,Waneta,Hearle,whearlepc@wordpress.com,Female,8.199.6.26
914,Corey,Kurton,ckurtonpd@taobao.com,Male,183.194.28.88
915,Wyn,Dennistoun,wdennistounpe@joomla.org,Male,215.159.141.53
916,Ilse,Beggin,ibegginpf@timesonline.co.uk,Bigender,38.211.229.97
917,Carmen,Skeete,cskeetepg@elegantthemes.com,Female,239.244.131.15
918,Josey,Dootson,jdootsonph@slashdot.org,Female,160.233.195.86
919,Willie,Keddey,wkeddeypi@clickbank.net,Male,136.205.97.120
920,Linell,McNerlin,lmcnerlinpj@google.co.jp,Female,242.215.239.113
921,Cecilius,Gath,cgathpk@sciencedaily.com,Male,28.53.128.47
922,Claude,Rix,crixpl@wunderground.com,Female,72.125.75.81
923,Yettie,Merit,ymeritpm@ucla.edu,Female,44.53.26.244
924,Armstrong,Gliddon,agliddonpn@mediafire.com,Male,107.165.24.65
925,Renate,Martinets,rmartinetspo@symantec.com,Female,146.37.138.183
926,Sheffield,Grassick,sgrassickpp@netvibes.com,Male,148.30.179.54
927,Edik,Jedrychowski,ejedrychowskipq@hhs.gov,Male,179.3.139.59
928,Fraze,Longdon,flongdonpr@senate.gov,Male,124.106.196.164
929,Arlena,Buckwell,abuckwellps@pcworld.com,Female,130.93.190.181
930,Obie,Batistelli,obatistellipt@twitter.com,Male,184.128.251.146
931,Tuck,Tacey,ttaceypu@goo.ne.jp,Male,113.52.199.67
932,Dulciana,Corson,dcorsonpv@prlog.org,Female,229.196.39.223
933,Alexio,Handrock,ahandrockpw@oakley.com,Male,244.65.137.97
934,Trudy,Haddock,thaddockpx@domainmarket.com,Female,18.211.31.16
935,Zitella,Fries,zfriespy@google.cn,Female,31.174.173.96
936,Philip,Antonikov,pantonikovpz@mapy.cz,Male,120.82.163.108
937,Enoch,Blazi,eblaziq0@sciencedaily.com,Male,156.252.116.238
938,Herby,Enderle,henderleq1@gnu.org,Male,156.180.146.165
939,Virgina,Izhakov,vizhakovq2@tinyurl.com,Female,24.101.220.240
940,Ezra,Sedgefield,esedgefieldq3@amazon.com,Male,162.64.189.27
941,Hamish,Grimsell,hgrimsellq4@chron.com,Male,26.218.30.179
942,Ermentrude,Cockling,ecocklingq5@posterous.com,Female,67.205.37.157
943,Jessi,Pawlyn,jpawlynq6@washington.edu,Female,216.250.64.16
944,Alejandro,Faveryear,afaveryearq7@technorati.com,Male,141.181.97.193
945,Pearle,Rosiello,prosielloq8@google.ca,Female,79.11.60.40
946,Skipp,Bryce,sbryceq9@bbb.org,Male,98.181.196.245
947,Creighton,Vahey,cvaheyqa@boston.com,Male,7.11.124.103
948,Gregorio,Gosselin,ggosselinqb@elegantthemes.com,Male,72.98.37.215
949,Carleen,Waterstone,cwaterstoneqc@google.ru,Female,35.54.201.123
950,Tobe,Rapelli,trapelliqd@hud.gov,Female,255.7.204.153
951,Erick,Sirmond,esirmondqe@bandcamp.com,Male,33.241.68.18
952,Gwendolin,Quernel,gquernelqf@cbsnews.com,Agender,53.229.9.157
953,Padriac,Ledrane,pledraneqg@mac.com,Male,237.169.135.21
954,Thea,Haydock,thaydockqh@hugedomains.com,Female,43.246.252.23
955,Dietrich,Preskett,dpreskettqi@army.mil,Polygender,45.194.164.91
956,Lizzy,Napolione,lnapolioneqj@sina.com.cn,Female,46.231.116.250
957,Nike,Ricarde,nricardeqk@weebly.com,Female,84.100.126.227
958,Guinna,Pettifor,gpettiforql@histats.com,Female,90.237.164.116
959,Bran,Whiting,bwhitingqm@amazon.co.uk,Male,45.115.175.19
960,Harrison,Tack,htackqn@salon.com,Male,42.171.24.208
961,Aloin,Buttrum,abuttrumqo@phoca.cz,Male,203.24.114.247
962,Elga,Clarricoates,eclarricoatesqp@diigo.com,Female,78.199.42.55
963,Sybyl,Hinken,shinkenqq@ox.ac.uk,Female,231.108.142.42
964,Aprilette,Mastrantone,amastrantoneqr@bravesites.com,Female,109.105.50.100
965,Der,Daber,ddaberqs@flavors.me,Male,254.19.143.19
966,Deloria,Slemmonds,dslemmondsqt@forbes.com,Female,174.90.4.229
967,Woodie,Carpmile,wcarpmilequ@china.com.cn,Male,127.241.27.130
968,Ximenez,O'Shee,xosheeqv@cyberchimps.com,Male,212.12.6.13
969,Jemie,Renon,jrenonqw@deviantart.com,Female,245.205.152.170
970,Ferris,Scragg,fscraggqx@quantcast.com,Male,198.138.123.123
971,Brittney,Tutchings,btutchingsqy@umich.edu,Female,19.73.172.201
972,Wilma,St Clair,wstclairqz@nymag.com,Female,83.253.201.113
973,Berty,Di Nisco,bdiniscor0@washingtonpost.com,Polygender,164.250.53.118
974,Nadean,Rolfo,nrolfor1@dagondesign.com,Female,52.246.72.191
975,Florinda,Speight,fspeightr2@google.ru,Female,1.150.167.202
976,Koenraad,Licas,klicasr3@lycos.com,Male,25.232.19.232
977,Russ,Gartshore,rgartshorer4@biglobe.ne.jp,Male,35.101.156.128
978,Fae,Duckett,fduckettr5@biblegateway.com,Female,94.231.211.139
979,Flossie,Sidry,fsidryr6@baidu.com,Bigender,152.231.106.82
980,Rozina,Gasperi,rgasperir7@upenn.edu,Female,216.239.213.102
981,Adiana,Sherlock,asherlockr8@java.com,Female,66.233.61.92
982,Malissa,Rizzillo,mrizzillor9@sun.com,Female,20.245.82.66
983,Tova,Dinnage,tdinnagera@intel.com,Polygender,232.183.119.27
984,Maurizio,Sigg,msiggrb@delicious.com,Male,145.78.52.136
985,Stacie,Burdis,sburdisrc@tinyurl.com,Female,84.17.209.107
986,Monroe,Bowne,mbownerd@princeton.edu,Male,81.132.113.195
987,Alexis,Gabe,agabere@homestead.com,Male,217.210.142.142
988,Maisey,Gallaccio,mgallacciorf@techcrunch.com,Female,58.191.235.8
989,Cleon,Arnaudon,carnaudonrg@creativecommons.org,Male,225.36.125.123
990,Florina,Osburn,fosburnrh@google.com.hk,Female,19.212.191.167
991,Roxane,Urion,rurionri@msu.edu,Female,203.126.103.112
992,Tito,Le Noury,tlenouryrj@mapy.cz,Male,46.19.15.227
993,Teddy,Mollen,tmollenrk@seesaa.net,Male,153.252.64.52
994,Jourdan,Joskowitz,jjoskowitzrl@deliciousdays.com,Female,38.17.94.6
995,Kristan,Regus,kregusrm@wired.com,Female,45.60.19.134
996,Muhammad,Kenyam,mkenyamrn@indiatimes.com,Male,187.184.12.48
997,Anitra,Lennarde,alennardero@1und1.de,Female,177.238.8.61
998,Ilario,Bysaker,ibysakerrp@ovh.net,Male,193.19.46.237
999,Domenico,Hunting,dhuntingrq@wix.com,Male,83.15.209.106
1000,Shelton,Wyant,swyantrr@soup.io,Male,45.41.121.236
